File Name,XOR,XCHG,XADD_LOCK,TEST,SUB,SHRD,SHR,SHLD,SHL,SETZ,SETNZ,SETNL,SBB,ROR,RET_NEAR,REP_STOSD,REP_MOVSD,REPNE_SCASW,PUSH,POP,PAUSE,OR,NOT,NOP,NEG,MUL,MOVZX,MOV,LEAVE,LEA,JZ,JNZ,JNLE,JNL,JNBE,JNB,JMP_FAR,JMP,JLE,JL,JBE,JB,INC,IMUL,DIV,DEC,CMPXCHG_LOCK,CMPXCHG8B_LOCK,CMP,CALL_NEAR,BTS_LOCK,BTR_LOCK,AND,ADD,ADC,STOSW,SETLE,SETL,SAR,ROL,REP_STOSB,REPNE_SCASB,REPE_CMPSD,REPE_CMPSB,PXOR,MOVSX,MOVSW,MOVDQA,LSL,JS,JP,JNS,IDIV,FUCOMPP,FNSTSW,FLD,CWDE,CDQ,UCOMISS,SYSCALL,SETNS,SETNBE,PREFETCHW,MOVSXD,MOVSS,MOVSD_XMM,MOVDQU,MOVAPS,DIVSD,CVTDQ2PD,COMISD,CMPXCHG16B_LOCK,CMOVZ,CMOVNZ,CMOVNLE,CMOVNL,CMOVNBE,CMOVL,CMOVBE,CMOVB,CDQE,BSWAP,JNP,FSTP,FST,FLD1,FCOMPP,FCOMP,FCOM,FILD,FDIV
log_nslookup_10-28-2020-13-19-27.txt,1762,2,122,5934,4713,40,344,40,274,2,2,2,5,3,1454,1112,39,139,5766,3109,4000,225,224,107,14,2,887,18400,235,1284,10425,2117,24,8,124,400,34,401,41,23,12,323,416,69,1,195,61,50,3223,1501,4,107,500,597,42,0,0,0,0,0,0,0,0,0,0,0,0,0,0,0,0,0,0,0,0,0,0,0,0,0,0,0,0,0,0,0,0,0,0,0,0,0,0,0,0,0,0,0,0,0,0,0,0,0,0,0,0,0,0,0,0
log_printui_10-28-2020-14-21-54.txt,20109,10,837,27300,8824,338,4292,367,2649,445,175,29,751,2,16611,3655,1614,2223,70496,33650,0,3954,953,1189,735,278,21471,173626,3121,17941,35119,28797,409,2392,5564,7875,511,9061,517,2046,3074,10097,16253,2707,155,4223,341,396,60127,17186,25,547,8166,16686,2318,4,4,21,1723,1138,786,66,220,198,10,133,4,472,9,66,10,135,7,10,10,20,2,607,0,0,0,0,0,0,0,0,0,0,0,0,0,0,0,0,0,0,0,0,0,0,0,0,0,0,0,0,0,0,0,0,0
log_notepad_10-28-2020-19-35-20.txt,13117,86,683,29231,14179,0,4028,0,4261,507,351,7,406,2,10012,0,0,1381,13334,13320,0,3216,597,1792,308,13,34353,161969,0,16848,30867,26922,721,1903,2508,9693,0,11972,836,1846,1340,8004,6358,1869,20,2869,504,0,49377,10091,11,562,8453,24697,0,0,0,11,3550,3158,0,28,0,0,0,470,0,61,0,749,58,335,18,0,0,0,0,504,58,493,2,36,791,6869,202,9,343,377,6,12,6,22,244,462,47,6,108,122,7,30,32,30,0,0,0,0,0,0,0,0,0
log_nslookup_10-27-2020-13-51-36.txt,1787,2,122,5997,4739,40,362,40,285,3,2,2,5,3,1455,1112,39,139,5775,3112,4000,227,230,107,14,2,914,18647,236,1298,10478,2140,29,8,141,403,34,421,45,23,12,324,438,69,1,209,61,50,3263,1502,4,107,524,620,42,0,0,0,0,0,0,0,0,0,0,0,0,0,0,0,0,0,0,0,0,0,0,0,0,0,0,0,0,0,0,0,0,0,0,0,0,0,0,0,0,0,0,0,0,0,0,0,0,0,0,0,0,0,0,0,0
log_printui_10-28-2020-14-17-11.txt,20109,10,837,27300,8824,338,4292,367,2649,445,175,29,751,2,16611,3655,1614,2223,70496,33650,0,3954,953,1189,735,278,21471,173626,3121,17941,35119,28797,409,2392,5564,7875,511,9061,517,2046,3074,10089,16253,2707,155,4223,341,396,60119,17186,25,547,8166,16686,2318,4,4,21,1723,1138,786,66,220,198,10,133,4,472,9,66,10,135,7,10,10,20,2,607,0,0,0,0,0,0,0,0,0,0,0,0,0,0,0,0,0,0,0,0,0,0,0,0,0,0,0,0,0,0,0,0,0
log_notepad_10-28-2020-18-51-30.txt,13144,86,683,29281,14211,0,4034,0,4262,508,351,7,406,2,10040,0,0,1381,13367,13353,0,3219,602,1796,308,13,34363,162207,0,16872,30934,26974,721,1903,2510,9700,0,11994,836,1846,1346,8019,6358,1873,20,2876,504,0,49458,10119,11,562,8460,24731,0,0,0,11,3550,3159,0,28,0,0,0,470,0,61,0,749,58,336,18,0,0,0,0,504,58,496,2,36,791,6870,202,9,343,377,6,12,6,22,244,462,47,6,108,122,7,30,32,30,0,0,0,0,0,0,0,0,0
log_nslookup_10-28-2020-13-21-00.txt,1779,2,123,5950,4723,41,347,41,277,2,2,2,5,3,1466,1112,39,139,5839,3133,4000,229,224,107,14,3,891,18539,236,1302,10436,2133,24,8,125,404,34,398,41,26,12,323,418,72,1,196,63,51,3241,1518,4,108,510,603,43,0,0,0,0,0,0,0,0,0,0,0,0,0,0,0,0,0,0,0,0,0,0,1,0,0,0,0,0,0,0,0,0,0,0,0,0,0,0,0,0,0,0,0,0,0,0,0,0,0,0,0,0,0,0,0,0
log_notepad_10-28-2020-18-40-57.txt,7181,20,460,14030,7426,0,1756,0,1479,83,133,7,275,2,4932,0,0,1343,6967,6958,0,908,483,666,63,13,6660,70519,0,5974,13988,14089,182,1058,1164,2531,0,5198,256,289,190,2107,2480,611,18,1253,388,0,19032,4983,11,407,2766,8997,0,0,0,0,40,63,0,28,0,0,0,0,0,16,0,230,0,166,0,0,0,0,0,27,0,337,2,36,734,1275,0,0,0,0,0,0,0,22,10,243,0,6,0,0,0,10,1,30,0,0,0,0,0,0,0,0,0
log_printui_10-27-2020-15-06-08.txt,25250,10,1026,33449,10855,357,5063,379,2977,579,234,52,998,2,21213,3955,1778,2223,91533,43584,0,5203,1099,1647,862,284,25841,217888,3736,22242,44464,35030,574,2763,6241,10798,696,10901,763,2461,4703,13049,17578,3414,155,4673,488,422,75497,21979,25,620,10735,21804,3606,4,12,61,2101,1670,2018,66,436,432,22,221,4,816,9,70,46,219,15,34,62,92,2,1037,0,0,0,0,0,0,0,0,0,0,0,0,0,0,0,0,0,0,0,0,0,0,0,0,8,12,4,14,8,10,10,0,0
log_cmd_10-28-2020-21-46-01.txt,544,7,58,1060,512,0,121,0,109,2,0,1,0,4,323,0,0,95,515,507,0,73,80,101,5,0,553,9160,0,534,941,2595,16,1549,67,217,0,1834,18,18,6,288,1726,76,1,145,21,0,4321,330,4,57,201,758,0,0,0,0,0,6,0,0,0,0,0,0,0,0,0,18,0,1,0,0,0,0,0,0,0,16,0,0,48,1559,0,0,0,0,0,0,0,10,2,0,0,0,0,0,0,0,0,0,0,0,0,0,0,0,0,0,0
log_notepad_10-27-2020-14-33-17.txt,7172,21,461,14035,7413,0,1754,0,1480,83,133,7,275,2,4926,0,0,1343,6966,6957,0,908,483,669,64,13,6658,70506,0,5970,13974,14092,182,1058,1164,2527,0,5191,257,289,189,2103,2483,610,18,1253,393,0,19008,4977,11,407,2773,8989,0,0,0,0,40,63,0,28,0,0,0,0,0,16,0,231,0,166,0,0,0,0,0,27,0,335,2,36,739,1275,0,0,0,0,0,0,0,24,10,243,0,6,0,0,0,10,1,30,0,0,0,0,0,0,0,0,0
log_printui_10-28-2020-21-44-27.txt,25752,11,1052,33905,11000,358,5118,379,3005,586,237,53,1013,2,21583,4004,1896,2223,93121,44298,0,5300,1133,1690,861,284,25894,220626,3792,22435,45305,35418,572,2775,6463,11155,718,11028,770,2465,5044,13443,17679,3424,155,4675,497,422,77147,22377,25,620,10905,22104,3917,4,12,61,2102,1670,1890,66,436,450,22,223,4,824,9,70,46,219,15,34,62,92,4,1069,0,0,0,0,0,0,0,0,0,0,0,0,0,0,0,0,0,0,0,0,0,0,0,0,8,12,4,14,8,10,10,0,0
log_fontview_10-27-2020-16-25-05.txt,15298,5,809,19541,6598,122,2585,118,2161,317,177,30,478,2,13596,1499,1469,439,56004,27610,0,2838,664,1050,409,43,14700,132267,1904,13800,26422,20640,448,2303,2459,7317,462,7729,546,1120,3597,7495,8483,1431,31,2294,282,138,45244,14130,14,476,6109,13573,2953,2,12,62,1218,1158,1782,66,278,207,23,142,4,792,5,64,56,164,12,32,82,110,0,647,0,0,0,0,0,0,0,0,0,0,0,0,0,0,0,0,0,0,0,0,0,0,0,0,13,33,7,25,12,18,20,4,2
log_nslookup_10-28-2020-13-24-34.txt,1766,2,122,6002,4717,40,350,40,277,2,2,2,5,3,1454,1112,39,139,5766,3109,4000,226,226,107,14,2,888,18619,235,1287,10431,2180,25,8,186,400,34,463,41,23,12,323,480,69,1,198,61,50,3287,1501,4,107,507,659,42,0,0,0,0,0,0,0,0,0,0,0,0,0,0,0,0,0,0,0,0,0,0,0,0,0,0,0,0,0,0,0,0,0,0,0,0,0,0,0,0,0,0,0,0,0,0,0,0,0,0,0,0,0,0,0,0
log_sort_10-28-2020-15-18-06.txt,569,0,78,764,248,2,86,1,596,1,2,1,1,3,607,972,0,0,2208,1222,0,57,77,21,10,3,358,8755,64,1494,808,2307,11,1551,72,141,16,1758,13,37,6,215,1780,70,1,90,33,11,4243,632,2,44,178,839,3,0,0,0,0,0,0,0,0,0,0,0,0,0,0,0,0,0,0,0,0,0,0,0,0,0,0,0,0,0,0,0,0,0,0,0,0,0,0,0,0,0,0,0,0,0,0,0,0,0,0,0,0,0,0,0,0
log_cmd_10-28-2020-17-04-46.txt,544,7,58,1060,512,0,122,0,110,2,0,1,0,4,323,0,0,95,515,507,0,73,81,101,5,0,553,9163,0,534,941,2595,16,1549,67,217,0,1834,18,18,6,288,1726,76,1,145,21,0,4321,330,4,57,203,758,0,0,0,0,0,6,0,0,0,0,0,0,0,0,0,18,0,1,0,0,0,0,0,0,0,16,0,0,48,1559,0,0,0,0,0,0,0,10,2,0,0,0,0,0,0,0,0,0,0,0,0,0,0,0,0,0,0
log_notepad_10-28-2020-19-02-12.txt,13126,86,683,29241,14190,0,4029,0,4261,507,351,7,406,2,10021,0,0,1381,13342,13328,0,3217,597,1793,308,13,34355,162020,0,16855,30889,26932,721,1903,2508,9695,0,11979,836,1846,1342,8008,6358,1870,20,2869,504,0,49403,10100,11,562,8453,24705,0,0,0,11,3550,3158,0,28,0,0,0,470,0,61,0,749,58,335,18,0,0,0,0,504,58,495,2,36,791,6869,202,9,343,377,6,12,6,22,244,462,47,6,108,122,7,30,32,30,0,0,0,0,0,0,0,0,0
log_nslookup_10-27-2020-14-24-51.txt,1787,2,122,5997,4739,40,362,40,285,3,2,2,5,3,1455,1112,39,139,5775,3112,4000,227,230,107,14,2,914,18647,236,1298,10478,2140,29,8,141,403,34,421,45,23,12,324,438,69,1,209,61,50,3263,1502,4,107,524,620,42,0,0,0,0,0,0,0,0,0,0,0,0,0,0,0,0,0,0,0,0,0,0,0,0,0,0,0,0,0,0,0,0,0,0,0,0,0,0,0,0,0,0,0,0,0,0,0,0,0,0,0,0,0,0,0,0
log_cmd_10-27-2020-15-36-58.txt,544,7,58,1060,512,0,121,0,109,2,0,1,0,4,323,0,0,95,515,507,0,73,80,101,5,0,553,9160,0,534,941,2595,16,1549,67,217,0,1834,18,18,6,288,1726,76,1,145,21,0,4321,330,4,57,201,758,0,0,0,0,0,6,0,0,0,0,0,0,0,0,0,18,0,1,0,0,0,0,0,0,0,16,0,0,48,1559,0,0,0,0,0,0,0,10,2,0,0,0,0,0,0,0,0,0,0,0,0,0,0,0,0,0,0
log_ftp_10-27-2020-16-47-33.txt,373,0,23,533,179,2,45,2,41,2,3,0,1,1,344,410,0,0,1391,779,0,48,89,66,4,2,231,3360,68,349,695,552,7,2,35,50,9,138,5,9,4,226,155,72,1,103,11,2,948,358,3,12,125,203,3,0,0,0,0,0,0,0,0,0,0,0,0,0,0,0,0,0,0,0,0,0,0,1,0,0,0,0,0,0,0,0,0,0,0,0,0,0,0,0,0,0,0,0,0,0,0,0,0,0,0,0,0,0,0,0,0
log_nslookup_10-28-2020-13-17-52.txt,1762,2,122,5934,4713,40,344,40,274,2,2,2,5,3,1454,1112,39,139,5766,3109,4000,225,224,107,14,2,887,18400,235,1284,10425,2117,24,8,124,400,34,401,41,23,12,323,416,69,1,195,61,50,3223,1501,4,107,500,597,42,0,0,0,0,0,0,0,0,0,0,0,0,0,0,0,0,0,0,0,0,0,0,0,0,0,0,0,0,0,0,0,0,0,0,0,0,0,0,0,0,0,0,0,0,0,0,0,0,0,0,0,0,0,0,0,0
log_ftp_10-27-2020-13-57-20.txt,352,0,23,498,163,2,35,2,33,1,3,0,1,1,343,410,0,0,1382,776,0,47,86,66,4,2,207,3176,67,337,658,528,5,2,30,45,9,131,3,9,4,223,146,72,1,96,11,2,908,357,3,12,112,188,3,0,0,0,0,0,0,0,0,0,0,0,0,0,0,0,0,0,0,0,0,0,0,1,0,0,0,0,0,0,0,0,0,0,0,0,0,0,0,0,0,0,0,0,0,0,0,0,0,0,0,0,0,0,0,0,0
log_nslookup_10-28-2020-13-14-40.txt,1762,2,122,5934,4713,40,344,40,274,2,2,2,5,3,1454,1112,39,139,5766,3109,4000,225,224,107,14,2,887,18400,235,1284,10425,2117,24,8,124,400,34,401,41,23,12,323,416,69,1,195,61,50,3223,1501,4,107,500,597,42,0,0,0,0,0,0,0,0,0,0,0,0,0,0,0,0,0,0,0,0,0,0,0,0,0,0,0,0,0,0,0,0,0,0,0,0,0,0,0,0,0,0,0,0,0,0,0,0,0,0,0,0,0,0,0,0
log_nslookup_10-27-2020-15-02-19.txt,1787,2,122,5997,4739,40,362,40,285,3,2,2,5,3,1455,1112,39,139,5775,3112,4000,227,230,107,14,2,914,18647,236,1298,10478,2140,29,8,141,403,34,421,45,23,12,324,438,69,1,209,61,50,3263,1502,4,107,524,620,42,0,0,0,0,0,0,0,0,0,0,0,0,0,0,0,0,0,0,0,0,0,0,0,0,0,0,0,0,0,0,0,0,0,0,0,0,0,0,0,0,0,0,0,0,0,0,0,0,0,0,0,0,0,0,0,0
log_sort_10-27-2020-14-28-40.txt,569,0,78,764,248,2,86,1,596,1,2,1,1,3,607,972,0,0,2208,1222,0,57,77,21,10,3,358,8755,64,1494,808,2307,11,1551,72,141,16,1758,13,37,6,215,1780,70,1,90,33,11,4243,632,2,44,178,839,3,0,0,0,0,0,0,0,0,0,0,0,0,0,0,0,0,0,0,0,0,0,0,0,0,0,0,0,0,0,0,0,0,0,0,0,0,0,0,0,0,0,0,0,0,0,0,0,0,0,0,0,0,0,0,0,0
log_sort_10-27-2020-15-24-29.txt,569,0,78,764,248,2,86,1,596,1,2,1,1,3,607,972,0,0,2208,1222,0,57,77,21,10,3,358,8755,64,1494,808,2307,11,1551,72,141,16,1758,13,37,6,215,1780,70,1,90,33,11,4243,632,2,44,178,839,3,0,0,0,0,0,0,0,0,0,0,0,0,0,0,0,0,0,0,0,0,0,0,0,0,0,0,0,0,0,0,0,0,0,0,0,0,0,0,0,0,0,0,0,0,0,0,0,0,0,0,0,0,0,0,0,0
log_ftp_10-27-2020-12-09-04.txt,352,0,23,498,163,2,35,2,33,1,3,0,1,1,343,410,0,0,1382,776,0,47,86,66,4,2,207,3176,67,337,658,528,5,2,30,45,9,131,3,9,4,223,146,72,1,96,11,2,908,357,3,12,112,188,3,0,0,0,0,0,0,0,0,0,0,0,0,0,0,0,0,0,0,0,0,0,0,1,0,0,0,0,0,0,0,0,0,0,0,0,0,0,0,0,0,0,0,0,0,0,0,0,0,0,0,0,0,0,0,0,0
log_sort_10-28-2020-15-11-43.txt,569,0,78,764,248,2,86,1,596,1,2,1,1,3,607,972,0,0,2208,1222,0,57,77,21,10,3,358,8755,64,1494,808,2307,11,1551,72,141,16,1758,13,37,6,215,1780,70,1,90,33,11,4243,632,2,44,178,839,3,0,0,0,0,0,0,0,0,0,0,0,0,0,0,0,0,0,0,0,0,0,0,0,0,0,0,0,0,0,0,0,0,0,0,0,0,0,0,0,0,0,0,0,0,0,0,0,0,0,0,0,0,0,0,0,0
log_ftp_10-27-2020-12-10-37.txt,352,0,23,498,163,2,35,2,33,1,3,0,1,1,343,410,0,0,1382,776,0,47,86,66,4,2,207,3176,67,337,658,528,5,2,30,45,9,131,3,9,4,223,146,72,1,96,11,2,908,357,3,12,112,188,3,0,0,0,0,0,0,0,0,0,0,0,0,0,0,0,0,0,0,0,0,0,0,1,0,0,0,0,0,0,0,0,0,0,0,0,0,0,0,0,0,0,0,0,0,0,0,0,0,0,0,0,0,0,0,0,0
log_cmd_10-28-2020-18-10-21.txt,544,7,58,1060,512,0,122,0,110,2,0,1,0,4,323,0,0,95,515,507,0,73,81,101,5,0,553,9163,0,534,941,2595,16,1549,67,217,0,1834,18,18,6,288,1726,76,1,145,21,0,4321,330,4,57,203,758,0,0,0,0,0,6,0,0,0,0,0,0,0,0,0,18,0,1,0,0,0,0,0,0,0,16,0,0,48,1559,0,0,0,0,0,0,0,10,2,0,0,0,0,0,0,0,0,0,0,0,0,0,0,0,0,0,0
log_printui_10-28-2020-13-52-27.txt,19000,8,748,26206,8455,336,4177,365,2627,438,163,29,667,2,15514,3578,1601,2201,66445,31501,0,3691,887,1023,712,280,21067,165773,2963,17331,33384,27568,398,2384,5366,7202,489,8708,509,2019,2563,9016,15742,2506,147,4086,342,394,56754,16057,25,516,7934,15768,1833,4,4,21,1715,1138,780,66,202,198,9,133,0,440,9,64,10,134,7,10,10,20,2,511,0,0,0,0,0,0,0,0,0,0,0,0,0,0,0,0,0,0,0,0,0,0,0,0,0,0,0,0,0,0,0,0,0
log_ftp_10-27-2020-13-23-32.txt,335,0,22,482,153,1,32,1,30,1,3,0,1,1,331,410,0,0,1309,752,0,43,86,66,4,1,203,3037,66,319,647,512,5,2,29,41,9,134,3,6,4,223,144,69,1,95,9,1,890,340,3,11,102,182,2,0,0,0,0,0,0,0,0,0,0,0,0,0,0,0,0,0,0,0,0,0,0,0,0,0,0,0,0,0,0,0,0,0,0,0,0,0,0,0,0,0,0,0,0,0,0,0,0,0,0,0,0,0,0,0,0
log_notepad_10-28-2020-21-47-03.txt,13220,87,690,29485,14371,0,4055,0,4270,510,360,7,406,2,10166,0,0,1381,13498,13484,0,3233,610,1807,309,13,34387,163385,0,16961,31240,27155,721,1910,2510,9726,0,12096,841,1852,1349,8048,6367,1882,20,2902,525,0,49732,10249,11,564,8509,24867,0,0,0,11,3550,3158,0,28,0,0,0,471,0,61,0,752,58,335,18,0,0,0,1,504,58,512,2,36,796,6871,202,9,345,377,6,12,6,24,244,476,47,6,108,122,7,30,32,30,0,0,0,0,0,0,0,0,0
log_sort_10-27-2020-15-19-15.txt,537,0,76,737,230,1,78,1,590,1,2,1,1,3,592,972,0,0,2124,1193,0,54,75,21,10,2,345,8513,63,1465,778,2275,10,1551,68,131,16,1756,13,34,6,213,1772,69,1,85,31,11,4193,612,2,42,166,829,3,0,0,0,0,0,0,0,0,0,0,0,0,0,0,0,0,0,0,0,0,0,0,0,0,0,0,0,0,0,0,0,0,0,0,0,0,0,0,0,0,0,0,0,0,0,0,0,0,0,0,0,0,0,0,0,0
log_cmd_10-27-2020-14-30-03.txt,532,7,58,1040,498,0,118,0,106,2,0,1,0,4,319,0,0,95,485,492,0,70,80,101,5,0,549,9065,0,516,929,2581,16,1549,66,213,0,1833,18,18,6,289,1726,74,1,143,18,0,4310,321,4,56,200,751,0,0,0,0,0,6,0,0,0,0,0,0,0,0,0,15,0,1,0,0,0,0,0,0,0,16,0,0,48,1559,0,0,0,0,0,0,0,10,2,0,0,0,0,0,0,0,0,0,0,0,0,0,0,0,0,0,0
log_ftp_10-27-2020-16-30-27.txt,356,0,22,517,169,1,42,1,38,2,3,0,1,1,332,410,0,0,1318,755,0,44,89,66,4,1,227,3221,67,331,684,536,7,2,34,46,9,141,5,6,4,226,153,69,1,102,9,1,930,341,3,11,115,197,2,0,0,0,0,0,0,0,0,0,0,0,0,0,0,0,0,0,0,0,0,0,0,0,0,0,0,0,0,0,0,0,0,0,0,0,0,0,0,0,0,0,0,0,0,0,0,0,0,0,0,0,0,0,0,0,0
log_printui_10-28-2020-14-08-16.txt,20109,11,837,27300,8824,338,4292,367,2649,445,175,29,751,2,16611,3655,1614,2223,70496,33650,0,3954,953,1189,735,278,21471,173627,3121,17941,35119,28797,409,2392,5564,7875,511,9061,517,2046,3074,10089,16253,2707,155,4223,341,396,60119,17186,25,547,8166,16686,2318,4,4,21,1723,1138,786,66,220,198,10,133,4,472,9,66,10,135,7,10,10,20,2,607,0,0,0,0,0,0,0,0,0,0,0,0,0,0,0,0,0,0,0,0,0,0,0,0,0,0,0,0,0,0,0,0,0
log_cmd_10-28-2020-17-13-38.txt,544,7,58,1060,512,0,122,0,110,2,0,1,0,4,323,0,0,95,515,507,0,73,81,101,5,0,553,9163,0,534,941,2595,16,1549,67,217,0,1834,18,18,6,288,1726,76,1,145,21,0,4321,330,4,57,203,758,0,0,0,0,0,6,0,0,0,0,0,0,0,0,0,18,0,1,0,0,0,0,0,0,0,16,0,0,48,1559,0,0,0,0,0,0,0,10,2,0,0,0,0,0,0,0,0,0,0,0,0,0,0,0,0,0,0
log_nslookup_10-28-2020-21-43-54.txt,1787,2,122,5997,4739,40,362,40,285,3,2,2,5,3,1455,1112,39,139,5775,3112,4000,227,230,107,14,2,914,18647,236,1298,10478,2140,29,8,141,403,34,421,45,23,12,324,438,69,1,209,61,50,3263,1502,4,107,524,620,42,0,0,0,0,0,0,0,0,0,0,0,0,0,0,0,0,0,0,0,0,0,0,0,0,0,0,0,0,0,0,0,0,0,0,0,0,0,0,0,0,0,0,0,0,0,0,0,0,0,0,0,0,0,0,0,0
log_cmd_10-28-2020-16-39-09.txt,544,7,58,1060,512,0,122,0,110,2,0,1,0,4,323,0,0,95,515,507,0,73,81,101,5,0,553,9163,0,534,941,2595,16,1549,67,217,0,1834,18,18,6,288,1726,76,1,145,21,0,4321,330,4,57,203,758,0,0,0,0,0,6,0,0,0,0,0,0,0,0,0,18,0,1,0,0,0,0,0,0,0,16,0,0,48,1559,0,0,0,0,0,0,0,10,2,0,0,0,0,0,0,0,0,0,0,0,0,0,0,0,0,0,0
log_nslookup_10-28-2020-13-28-48.txt,1766,2,122,5945,4717,40,348,40,277,2,2,2,5,3,1454,1112,39,139,5766,3109,4000,226,226,107,14,2,888,18452,235,1285,10429,2121,25,8,131,400,34,410,41,23,12,323,425,69,1,198,61,50,3228,1501,4,107,507,604,42,0,0,0,0,0,0,0,0,0,0,0,0,0,0,0,0,0,0,0,0,0,0,0,0,0,0,0,0,0,0,0,0,0,0,0,0,0,0,0,0,0,0,0,0,0,0,0,0,0,0,0,0,0,0,0,0
log_nslookup_10-27-2020-13-19-15.txt,1787,2,122,5997,4739,40,362,40,285,3,2,2,5,3,1455,1112,39,139,5775,3112,4000,227,230,107,14,2,914,18647,236,1298,10478,2140,29,8,141,403,34,421,45,23,12,324,438,69,1,209,61,50,3263,1502,4,107,524,620,42,0,0,0,0,0,0,0,0,0,0,0,0,0,0,0,0,0,0,0,0,0,0,0,0,0,0,0,0,0,0,0,0,0,0,0,0,0,0,0,0,0,0,0,0,0,0,0,0,0,0,0,0,0,0,0,0
log_cmd_10-27-2020-15-27-22.txt,532,7,58,1040,498,0,118,0,106,2,0,1,0,4,319,0,0,95,485,492,0,70,80,101,5,0,549,9065,0,516,929,2581,16,1549,66,213,0,1833,18,18,6,289,1726,74,1,143,18,0,4310,321,4,56,200,751,0,0,0,0,0,6,0,0,0,0,0,0,0,0,0,15,0,1,0,0,0,0,0,0,0,16,0,0,48,1559,0,0,0,0,0,0,0,10,2,0,0,0,0,0,0,0,0,0,0,0,0,0,0,0,0,0,0
log_sort_10-28-2020-21-45-09.txt,569,0,78,764,248,2,86,1,596,1,2,1,1,3,607,972,0,0,2208,1222,0,57,77,21,10,3,358,8755,64,1494,808,2307,11,1551,72,141,16,1758,13,37,6,215,1780,70,1,90,33,11,4243,632,2,44,178,839,3,0,0,0,0,0,0,0,0,0,0,0,0,0,0,0,0,0,0,0,0,0,0,0,0,0,0,0,0,0,0,0,0,0,0,0,0,0,0,0,0,0,0,0,0,0,0,0,0,0,0,0,0,0,0,0,0
log_fontview_10-27-2020-14-37-12.txt,11718,5,670,14441,4849,121,1981,118,1807,189,100,21,374,2,10411,1309,766,439,41279,20788,0,2029,583,893,260,40,7858,97462,1535,9474,19305,16173,265,1988,1895,4821,383,5707,342,612,2500,5338,7067,932,29,1908,221,134,33057,10852,14,405,4099,9115,2247,2,4,21,456,386,678,66,202,135,9,46,4,312,5,48,10,59,4,10,10,20,0,490,0,0,0,0,0,0,0,0,0,0,0,0,0,0,0,0,0,0,0,0,0,0,0,0,0,0,0,0,0,0,0,0,0
log_printui_10-27-2020-13-53-43.txt,20199,11,842,27067,8803,336,4282,365,2671,445,175,29,751,2,16674,3655,1626,2223,70740,33771,0,3966,949,1189,736,278,21537,173448,3132,18015,35162,28782,394,2392,5350,7925,522,8838,501,2047,3072,10082,16048,2725,155,4200,341,394,60145,17260,25,552,8255,16544,2316,4,4,21,1723,1138,914,66,220,198,10,133,4,464,9,66,10,135,7,10,10,20,2,609,0,0,0,0,0,0,0,0,0,0,0,0,0,0,0,0,0,0,0,0,0,0,0,0,0,0,0,0,0,0,0,0,0
log_sort_10-27-2020-15-21-47.txt,569,0,78,764,248,2,86,1,596,1,2,1,1,3,607,972,0,0,2208,1222,0,57,77,21,10,3,358,8755,64,1494,808,2307,11,1551,72,141,16,1758,13,37,6,215,1780,70,1,90,33,11,4243,632,2,44,178,839,3,0,0,0,0,0,0,0,0,0,0,0,0,0,0,0,0,0,0,0,0,0,0,0,0,0,0,0,0,0,0,0,0,0,0,0,0,0,0,0,0,0,0,0,0,0,0,0,0,0,0,0,0,0,0,0,0
log_notepad_10-28-2020-19-58-15.txt,13135,86,683,29271,14200,0,4033,0,4262,508,351,7,406,2,10031,0,0,1381,13359,13345,0,3218,602,1795,308,13,34361,162156,0,16865,30912,26964,721,1903,2510,9698,0,11987,836,1846,1344,8015,6358,1872,20,2876,504,0,49432,10110,11,562,8460,24723,0,0,0,11,3550,3159,0,28,0,0,0,470,0,61,0,749,58,336,18,0,0,0,0,504,58,494,2,36,791,6870,202,9,343,377,6,12,6,22,244,462,47,6,108,122,7,30,32,30,0,0,0,0,0,0,0,0,0
log_sort_10-27-2020-13-21-37.txt,569,0,78,764,248,2,86,1,596,1,2,1,1,3,607,972,0,0,2208,1222,0,57,77,21,10,3,358,8755,64,1494,808,2307,11,1551,72,141,16,1758,13,37,6,215,1780,70,1,90,33,11,4243,632,2,44,178,839,3,0,0,0,0,0,0,0,0,0,0,0,0,0,0,0,0,0,0,0,0,0,0,0,0,0,0,0,0,0,0,0,0,0,0,0,0,0,0,0,0,0,0,0,0,0,0,0,0,0,0,0,0,0,0,0,0
log_printui_10-28-2020-13-42-20.txt,25667,10,1050,34145,10993,360,5128,381,2981,584,237,53,1013,2,21558,4004,1824,2223,93040,44267,0,5293,1135,1690,854,284,25840,220996,3791,22396,45330,35515,583,2775,6675,11121,713,11246,784,2464,5046,13461,17900,3418,155,4702,497,424,77270,22347,25,618,10843,22254,3919,4,12,61,2102,1670,866,66,436,450,22,223,4,888,9,70,46,219,15,34,62,92,4,1062,0,0,0,0,0,0,0,0,0,0,0,0,0,0,0,0,0,0,0,0,0,0,0,0,8,12,4,14,8,10,10,0,0
log_sort_10-28-2020-15-52-26.txt,569,0,78,764,248,2,86,1,596,1,2,1,1,3,607,972,0,0,2208,1222,0,57,77,21,10,3,358,8755,64,1494,808,2307,11,1551,72,141,16,1758,13,37,6,215,1780,70,1,90,33,11,4243,632,2,44,178,839,3,0,0,0,0,0,0,0,0,0,0,0,0,0,0,0,0,0,0,0,0,0,0,0,0,0,0,0,0,0,0,0,0,0,0,0,0,0,0,0,0,0,0,0,0,0,0,0,0,0,0,0,0,0,0,0,0
log_cmd_10-28-2020-17-22-40.txt,544,7,58,1060,512,0,122,0,110,2,0,1,0,4,323,0,0,95,515,507,0,73,81,101,5,0,553,9163,0,534,941,2595,16,1549,67,217,0,1834,18,18,6,288,1726,76,1,145,21,0,4321,330,4,57,203,758,0,0,0,0,0,6,0,0,0,0,0,0,0,0,0,18,0,1,0,0,0,0,0,0,0,16,0,0,48,1559,0,0,0,0,0,0,0,10,2,0,0,0,0,0,0,0,0,0,0,0,0,0,0,0,0,0,0
log_nslookup_10-27-2020-15-03-02.txt,1768,2,122,6074,4722,40,351,40,277,2,2,2,5,3,1454,1112,39,139,5766,3109,4000,226,226,107,14,2,892,18844,235,1287,10439,2245,26,8,250,400,34,530,42,23,12,323,543,69,1,201,61,50,3354,1501,4,107,507,722,42,0,0,0,0,0,0,0,0,0,0,0,0,0,0,0,0,0,0,0,0,0,0,0,0,0,0,0,0,0,0,0,0,0,0,0,0,0,0,0,0,0,0,0,0,0,0,0,0,0,0,0,0,0,0,0,0
log_notepad_10-27-2020-15-48-04.txt,12627,87,675,27983,13888,0,3914,0,4148,504,351,7,399,2,9904,0,0,1381,12938,12924,0,3159,582,1773,302,13,33971,157456,0,16378,29614,25841,670,1903,2405,9592,0,11466,776,1846,1341,7948,6276,1868,20,2793,496,0,47982,9983,11,553,8284,24228,0,0,0,11,3550,3159,0,28,0,0,0,470,0,61,0,736,58,336,18,0,0,0,0,504,58,496,2,36,741,6827,202,9,343,377,6,12,6,24,233,458,47,6,108,122,7,22,32,30,0,0,0,0,0,0,0,0,0
log_fontview_10-28-2020-21-48-16.txt,10550,4,580,13407,4473,117,1873,116,1786,182,88,21,282,2,9290,1225,753,417,37130,18578,0,1744,534,718,237,40,7464,89722,1376,8864,17531,15020,258,1980,1742,4092,360,5445,338,584,1940,4193,6619,730,21,1778,221,132,29634,9698,14,375,3912,8204,1714,2,4,21,448,386,544,66,184,135,8,46,0,288,5,46,10,58,4,10,10,20,0,384,0,0,0,0,0,0,0,0,0,0,0,0,0,0,0,0,0,0,0,0,0,0,0,0,0,0,0,0,0,0,0,0,0
log_fontview_10-27-2020-16-19-52.txt,11902,5,674,14550,4892,123,1996,118,1810,189,100,21,385,2,10500,1316,766,439,41725,21051,0,2060,588,902,262,42,7913,98436,1552,9528,19601,16337,272,1993,1925,4889,390,5729,348,619,2568,5494,7155,945,29,1955,224,134,33540,10948,14,407,4127,9387,2295,2,4,21,456,386,678,66,274,135,9,46,4,312,5,48,10,59,4,10,10,20,0,503,0,0,0,0,0,0,0,0,0,0,0,0,0,0,0,0,0,0,0,0,0,0,0,0,0,0,0,0,0,0,0,0,0
log_notepad_10-28-2020-20-21-17.txt,13221,86,686,29437,14346,0,4055,0,4272,509,356,7,406,2,10147,0,0,1381,13510,13496,0,3228,614,1804,308,13,34380,163240,0,16953,31182,27130,721,1915,2529,9716,0,12082,838,1854,1351,8041,6359,1877,20,2909,512,0,49693,10232,11,563,8508,24840,0,0,0,11,3550,3163,0,28,0,0,0,473,0,61,0,750,58,338,18,0,0,0,1,504,58,508,2,36,791,6873,202,9,347,377,6,12,6,22,244,469,47,6,108,122,7,30,33,30,0,0,0,0,0,0,0,0,0
log_sort_10-27-2020-13-54-46.txt,537,0,76,737,230,1,78,1,590,1,2,1,1,3,592,972,0,0,2124,1193,0,54,75,21,10,2,345,8513,63,1465,778,2275,10,1551,68,131,16,1756,13,34,6,213,1772,69,1,85,31,11,4193,612,2,42,166,829,3,0,0,0,0,0,0,0,0,0,0,0,0,0,0,0,0,0,0,0,0,0,0,0,0,0,0,0,0,0,0,0,0,0,0,0,0,0,0,0,0,0,0,0,0,0,0,0,0,0,0,0,0,0,0,0,0
log_printui_10-28-2020-14-37-01.txt,20293,10,841,27409,8867,340,4307,367,2652,445,175,29,762,2,16700,3662,1614,2223,70942,33913,0,3985,958,1198,737,280,21526,174604,3138,17995,35416,28961,416,2397,5594,7943,518,9084,523,2053,3142,10253,16341,2720,155,4270,344,396,60611,17282,25,549,8196,16958,2366,4,4,21,1723,1138,786,66,292,198,10,133,4,472,9,66,10,135,7,10,10,20,2,620,0,0,0,0,0,0,0,0,0,0,0,0,0,0,0,0,0,0,0,0,0,0,0,0,0,0,0,0,0,0,0,0,0
log_sort_10-27-2020-15-16-53.txt,537,0,76,737,230,1,78,1,590,1,2,1,1,3,592,972,0,0,2124,1193,0,54,75,21,10,2,345,8513,63,1465,778,2275,10,1551,68,131,16,1756,13,34,6,213,1772,69,1,85,31,11,4193,612,2,42,166,829,3,0,0,0,0,0,0,0,0,0,0,0,0,0,0,0,0,0,0,0,0,0,0,0,0,0,0,0,0,0,0,0,0,0,0,0,0,0,0,0,0,0,0,0,0,0,0,0,0,0,0,0,0,0,0,0,0
log_cmd_10-27-2020-12-03-52.txt,544,7,58,1060,512,0,121,0,109,2,0,1,0,4,323,0,0,95,515,507,0,73,80,101,5,0,553,9160,0,534,941,2595,16,1549,67,217,0,1834,18,18,6,288,1726,76,1,145,21,0,4321,330,4,57,201,758,0,0,0,0,0,6,0,0,0,0,0,0,0,0,0,18,0,1,0,0,0,0,0,0,0,16,0,0,48,1559,0,0,0,0,0,0,0,10,2,0,0,0,0,0,0,0,0,0,0,0,0,0,0,0,0,0,0
log_nslookup_10-27-2020-15-03-54.txt,1783,2,123,6019,4727,41,354,41,280,2,2,2,5,3,1466,1112,39,139,5839,3133,4000,230,226,107,14,3,892,18762,236,1305,10442,2197,25,8,188,404,34,462,41,26,12,323,483,72,1,199,63,51,3306,1518,4,108,520,668,43,0,0,0,0,0,0,0,0,0,0,0,0,0,0,0,0,0,0,0,0,0,0,1,0,0,0,0,0,0,0,0,0,0,0,0,0,0,0,0,0,0,0,0,0,0,0,0,0,0,0,0,0,0,0,0,0
log_sort_10-28-2020-15-45-14.txt,569,0,78,764,248,2,86,1,596,1,2,1,1,3,607,972,0,0,2208,1222,0,57,77,21,10,3,358,8755,64,1494,808,2307,11,1551,72,141,16,1758,13,37,6,215,1780,70,1,90,33,11,4243,632,2,44,178,839,3,0,0,0,0,0,0,0,0,0,0,0,0,0,0,0,0,0,0,0,0,0,0,0,0,0,0,0,0,0,0,0,0,0,0,0,0,0,0,0,0,0,0,0,0,0,0,0,0,0,0,0,0,0,0,0,0
log_cmd_10-27-2020-15-33-36.txt,544,7,58,1060,512,0,121,0,109,2,0,1,0,4,323,0,0,95,515,507,0,73,80,101,5,0,553,9160,0,534,941,2595,16,1549,67,217,0,1834,18,18,6,288,1726,76,1,145,21,0,4321,330,4,57,201,758,0,0,0,0,0,6,0,0,0,0,0,0,0,0,0,18,0,1,0,0,0,0,0,0,0,16,0,0,48,1559,0,0,0,0,0,0,0,10,2,0,0,0,0,0,0,0,0,0,0,0,0,0,0,0,0,0,0
log_nslookup_10-27-2020-13-52-08.txt,1787,2,122,5997,4739,40,362,40,285,3,2,2,5,3,1455,1112,39,139,5775,3112,4000,227,230,107,14,2,914,18647,236,1298,10478,2140,29,8,141,403,34,421,45,23,12,324,438,69,1,209,61,50,3263,1502,4,107,524,620,42,0,0,0,0,0,0,0,0,0,0,0,0,0,0,0,0,0,0,0,0,0,0,0,0,0,0,0,0,0,0,0,0,0,0,0,0,0,0,0,0,0,0,0,0,0,0,0,0,0,0,0,0,0,0,0,0
log_sort_10-28-2020-15-05-31.txt,569,0,78,764,248,2,86,1,596,1,2,1,1,3,607,972,0,0,2208,1222,0,57,77,21,10,3,358,8755,64,1494,808,2307,11,1551,72,141,16,1758,13,37,6,215,1780,70,1,90,33,11,4243,632,2,44,178,839,3,0,0,0,0,0,0,0,0,0,0,0,0,0,0,0,0,0,0,0,0,0,0,0,0,0,0,0,0,0,0,0,0,0,0,0,0,0,0,0,0,0,0,0,0,0,0,0,0,0,0,0,0,0,0,0,0
log_cmd_10-28-2020-16-56-04.txt,544,7,58,1060,512,0,122,0,110,2,0,1,0,4,323,0,0,95,515,507,0,73,81,101,5,0,553,9163,0,534,941,2595,16,1549,67,217,0,1834,18,18,6,288,1726,76,1,145,21,0,4321,330,4,57,203,758,0,0,0,0,0,6,0,0,0,0,0,0,0,0,0,18,0,1,0,0,0,0,0,0,0,16,0,0,48,1559,0,0,0,0,0,0,0,10,2,0,0,0,0,0,0,0,0,0,0,0,0,0,0,0,0,0,0
log_ftp_10-29-2020-13-44-40.txt,335,0,22,487,154,1,32,1,30,1,3,0,1,1,331,410,0,0,1309,752,0,43,86,66,4,1,203,3060,66,319,647,518,5,2,34,41,9,139,3,6,4,225,149,69,1,95,9,1,898,340,3,11,103,187,2,0,0,0,0,0,0,0,0,0,0,0,0,0,0,0,0,0,0,0,0,0,0,0,0,0,0,0,0,0,0,0,0,0,0,0,0,0,0,0,0,0,0,0,0,0,0,0,0,0,0,0,0,0,0,0,0
log_fontview_10-27-2020-12-06-29.txt,12788,5,698,15361,5183,137,2140,123,1850,210,103,24,408,2,11260,1351,766,439,45209,22712,0,2274,616,977,262,53,8191,105068,1707,10015,21211,17485,337,2014,2084,5277,445,5961,374,668,2868,5965,7522,1056,32,2094,242,159,36256,11769,14,420,4539,10374,2539,2,4,21,456,386,550,66,418,135,9,46,4,320,5,48,10,59,4,10,10,20,0,582,0,0,0,0,0,0,0,0,0,0,0,0,0,0,0,0,0,0,0,0,0,0,0,0,0,0,0,0,0,0,0,0,0
log_notepad_10-28-2020-19-46-42.txt,13221,86,686,29437,14346,0,4055,0,4272,509,356,7,406,2,10147,0,0,1381,13510,13496,0,3228,614,1804,308,13,34380,163240,0,16953,31182,27130,721,1915,2529,9716,0,12082,838,1854,1351,8041,6359,1877,20,2909,512,0,49693,10232,11,563,8508,24840,0,0,0,11,3550,3163,0,28,0,0,0,473,0,61,0,750,58,338,18,0,0,0,1,504,58,508,2,36,791,6873,202,9,347,377,6,12,6,22,244,469,47,6,108,122,7,30,33,30,0,0,0,0,0,0,0,0,0
log_nslookup_10-27-2020-15-04-56.txt,1766,2,122,6003,4717,40,351,40,277,2,2,2,5,3,1454,1112,39,139,5766,3109,4000,226,226,107,14,2,888,18623,235,1287,10431,2181,25,8,187,400,34,465,41,23,12,323,481,69,1,198,61,50,3288,1501,4,107,510,662,42,0,0,0,0,0,0,0,0,0,0,0,0,0,0,0,0,0,0,0,0,0,0,0,0,0,0,0,0,0,0,0,0,0,0,0,0,0,0,0,0,0,0,0,0,0,0,0,0,0,0,0,0,0,0,0,0
log_cmd_10-28-2020-17-50-46.txt,532,7,58,1040,498,0,119,0,107,2,0,1,0,4,319,0,0,95,485,492,0,70,81,101,5,0,549,9068,0,516,929,2581,16,1549,66,213,0,1833,18,18,6,289,1726,74,1,143,18,0,4310,321,4,56,202,751,0,0,0,0,0,6,0,0,0,0,0,0,0,0,0,15,0,1,0,0,0,0,0,0,0,16,0,0,48,1559,0,0,0,0,0,0,0,10,2,0,0,0,0,0,0,0,0,0,0,0,0,0,0,0,0,0,0
log_printui_10-27-2020-14-26-25.txt,20195,10,842,27066,8798,336,4282,365,2671,445,175,29,751,2,16673,3655,1630,2223,70736,33770,0,3966,949,1189,735,278,21537,173428,3132,18016,35161,28782,394,2392,5350,7925,522,8837,501,2047,3072,10089,16047,2725,155,4201,341,394,60151,17259,25,552,8254,16539,2316,4,4,21,1723,1138,786,66,220,198,10,133,4,472,9,66,10,135,7,10,10,20,2,608,0,0,0,0,0,0,0,0,0,0,0,0,0,0,0,0,0,0,0,0,0,0,0,0,0,0,0,0,0,0,0,0,0
log_notepad_10-27-2020-16-00-42.txt,12600,87,675,27933,13856,0,3908,0,4147,503,351,7,399,2,9876,0,0,1381,12905,12891,0,3156,577,1769,302,13,33961,157218,0,16354,29547,25789,670,1903,2403,9585,0,11444,776,1846,1335,7933,6276,1864,20,2786,496,0,47901,9955,11,553,8277,24194,0,0,0,11,3550,3158,0,28,0,0,0,470,0,61,0,736,58,335,18,0,0,0,0,504,58,493,2,36,741,6826,202,9,343,377,6,12,6,24,233,458,47,6,108,122,7,22,32,30,0,0,0,0,0,0,0,0,0
log_sort_10-28-2020-15-38-12.txt,569,0,78,764,248,2,86,1,596,1,2,1,1,3,607,972,0,0,2208,1222,0,57,77,21,10,3,358,8755,64,1494,808,2307,11,1551,72,141,16,1758,13,37,6,215,1780,70,1,90,33,11,4243,632,2,44,178,839,3,0,0,0,0,0,0,0,0,0,0,0,0,0,0,0,0,0,0,0,0,0,0,0,0,0,0,0,0,0,0,0,0,0,0,0,0,0,0,0,0,0,0,0,0,0,0,0,0,0,0,0,0,0,0,0,0
log_notepad_10-27-2020-15-56-19.txt,12704,87,678,28139,14023,0,3935,0,4158,505,356,7,399,2,10011,0,0,1381,13081,13067,0,3168,594,1781,302,13,33988,158489,0,16459,29862,25997,670,1915,2424,9608,0,11554,778,1854,1346,7970,6277,1872,20,2826,504,0,48217,10096,11,554,8332,24337,0,0,0,11,3550,3163,0,28,0,0,0,473,0,61,0,737,58,338,18,0,0,0,1,504,58,508,2,36,741,6830,202,9,347,377,6,12,6,24,233,465,47,6,108,122,7,22,33,30,0,0,0,0,0,0,0,0,0
log_ftp_10-27-2020-12-20-32.txt,352,0,23,498,163,2,35,2,33,1,3,0,1,1,343,410,0,0,1382,776,0,47,86,66,4,2,207,3176,67,337,658,528,5,2,30,45,9,131,3,9,4,223,146,72,1,96,11,2,908,357,3,12,112,188,3,0,0,0,0,0,0,0,0,0,0,0,0,0,0,0,0,0,0,0,0,0,0,1,0,0,0,0,0,0,0,0,0,0,0,0,0,0,0,0,0,0,0,0,0,0,0,0,0,0,0,0,0,0,0,0,0
log_notepad_10-28-2020-20-59-01.txt,12899,86,680,28889,14139,0,3957,0,4175,511,355,7,396,2,9991,0,0,1381,13187,13173,0,3179,591,1761,308,13,34188,160280,0,16734,30707,26421,709,1897,2463,9687,0,11924,827,1838,1343,7982,6251,1882,20,2806,478,0,49026,10070,11,557,8322,24605,0,0,0,11,3543,3159,0,13,0,0,0,472,0,53,0,739,58,336,18,0,0,0,0,504,58,502,2,36,681,6862,202,9,343,377,6,12,6,20,244,468,47,6,108,122,7,30,32,30,0,0,0,0,0,0,0,0,0
log_notepad_10-28-2020-20-45-17.txt,13212,86,686,29427,14335,0,4054,0,4272,509,356,7,406,2,10138,0,0,1381,13502,13488,0,3227,614,1803,308,13,34378,163189,0,16946,31160,27120,721,1915,2529,9714,0,12075,838,1854,1349,8037,6359,1876,20,2909,512,0,49667,10223,11,563,8508,24832,0,0,0,11,3550,3163,0,28,0,0,0,473,0,61,0,750,58,338,18,0,0,0,1,504,58,506,2,36,791,6873,202,9,347,377,6,12,6,22,244,469,47,6,108,122,7,30,33,30,0,0,0,0,0,0,0,0,0
log_printui_10-27-2020-13-52-51.txt,20383,11,846,27176,8846,338,4297,365,2674,445,175,29,762,2,16763,3662,1634,2223,71186,34034,0,3997,954,1198,738,280,21592,174424,3149,18069,35457,28946,401,2397,5380,7993,529,8861,507,2054,3140,10244,16134,2738,155,4247,344,394,60633,17356,25,554,8285,16814,2364,4,4,21,1723,1138,914,66,292,198,10,133,4,464,9,66,10,135,7,10,10,20,2,622,0,0,0,0,0,0,0,0,0,0,0,0,0,0,0,0,0,0,0,0,0,0,0,0,0,0,0,0,0,0,0,0,0
log_notepad_10-27-2020-12-04-34.txt,12730,87,681,28195,14075,0,3943,0,4155,506,360,7,399,2,10049,0,0,1381,13061,13047,0,3174,590,1779,302,13,33995,158717,0,16515,29937,26027,670,1938,2405,9618,0,11574,780,1862,1341,7973,6282,1876,20,2819,512,0,48304,10132,11,555,8327,24376,0,0,0,11,3550,3158,0,28,0,0,0,471,0,61,0,738,58,335,18,0,0,0,1,504,58,511,2,36,741,6828,202,9,373,377,6,12,6,24,233,482,47,6,108,122,7,22,32,30,0,0,0,0,0,0,0,0,0
log_nslookup_10-28-2020-13-13-21.txt,1784,2,122,5981,4734,40,358,40,284,3,2,2,5,3,1455,1112,39,139,5775,3112,4000,227,229,107,14,2,910,18595,236,1297,10467,2134,28,8,134,403,34,414,44,23,12,324,431,69,1,206,61,50,3253,1502,4,107,518,612,42,0,0,0,0,0,0,0,0,0,0,0,0,0,0,0,0,0,0,0,0,0,0,0,0,0,0,0,0,0,0,0,0,0,0,0,0,0,0,0,0,0,0,0,0,0,0,0,0,0,0,0,0,0,0,0,0
log_sort_10-27-2020-13-55-58.txt,569,0,78,764,248,2,86,1,596,1,2,1,1,3,607,972,0,0,2208,1222,0,57,77,21,10,3,358,8755,64,1494,808,2307,11,1551,72,141,16,1758,13,37,6,215,1780,70,1,90,33,11,4243,632,2,44,178,839,3,0,0,0,0,0,0,0,0,0,0,0,0,0,0,0,0,0,0,0,0,0,0,0,0,0,0,0,0,0,0,0,0,0,0,0,0,0,0,0,0,0,0,0,0,0,0,0,0,0,0,0,0,0,0,0,0
log_fontview_10-27-2020-16-05-15.txt,11902,5,674,14550,4892,123,1996,118,1810,189,100,21,385,2,10500,1316,766,439,41725,21051,0,2060,588,902,262,42,7913,98436,1552,9528,19601,16337,272,1993,1925,4889,390,5729,348,619,2568,5494,7155,945,29,1955,224,134,33540,10948,14,407,4127,9387,2295,2,4,21,456,386,678,66,274,135,9,46,4,312,5,48,10,59,4,10,10,20,0,503,0,0,0,0,0,0,0,0,0,0,0,0,0,0,0,0,0,0,0,0,0,0,0,0,0,0,0,0,0,0,0,0,0
log_ftp_10-27-2020-16-53-35.txt,373,0,23,533,179,2,45,2,41,2,3,0,1,1,344,410,0,0,1391,779,0,48,89,66,4,2,231,3360,68,349,695,552,7,2,35,50,9,138,5,9,4,226,155,72,1,103,11,2,948,358,3,12,125,203,3,0,0,0,0,0,0,0,0,0,0,0,0,0,0,0,0,0,0,0,0,0,0,1,0,0,0,0,0,0,0,0,0,0,0,0,0,0,0,0,0,0,0,0,0,0,0,0,0,0,0,0,0,0,0,0,0
log_nslookup_10-27-2020-13-19-48.txt,1787,2,122,5997,4739,40,362,40,285,3,2,2,5,3,1455,1112,39,139,5775,3112,4000,227,230,107,14,2,914,18647,236,1298,10478,2140,29,8,141,403,34,421,45,23,12,324,438,69,1,209,61,50,3263,1502,4,107,524,620,42,0,0,0,0,0,0,0,0,0,0,0,0,0,0,0,0,0,0,0,0,0,0,0,0,0,0,0,0,0,0,0,0,0,0,0,0,0,0,0,0,0,0,0,0,0,0,0,0,0,0,0,0,0,0,0,0
log_notepad_10-28-2020-19-13-05.txt,13212,86,686,29424,14329,0,4054,0,4272,509,356,7,406,2,10138,0,0,1381,13502,13488,0,3227,614,1803,308,13,34378,163195,0,16946,31157,27124,721,1915,2529,9714,0,12075,838,1854,1349,8037,6363,1876,20,2913,512,0,49667,10223,11,563,8508,24834,0,0,0,11,3550,3163,0,28,0,0,0,473,0,61,0,750,58,338,18,0,0,0,1,504,58,506,2,36,791,6873,202,9,347,377,6,12,6,22,244,469,47,6,108,122,7,30,33,30,0,0,0,0,0,0,0,0,0
log_cmd_10-28-2020-18-30-35.txt,544,7,58,1060,512,0,122,0,110,2,0,1,0,4,323,0,0,95,515,507,0,73,81,101,5,0,553,9163,0,534,941,2595,16,1549,67,217,0,1834,18,18,6,288,1726,76,1,145,21,0,4321,330,4,57,203,758,0,0,0,0,0,6,0,0,0,0,0,0,0,0,0,18,0,1,0,0,0,0,0,0,0,16,0,0,48,1559,0,0,0,0,0,0,0,10,2,0,0,0,0,0,0,0,0,0,0,0,0,0,0,0,0,0,0
log_nslookup_10-28-2020-13-31-11.txt,1783,2,123,5961,4727,41,351,41,280,2,2,2,5,3,1466,1112,39,139,5839,3133,4000,230,226,107,14,3,892,18591,236,1303,10440,2137,25,8,132,404,34,407,41,26,12,323,427,72,1,199,63,51,3246,1518,4,108,517,610,43,0,0,0,0,0,0,0,0,0,0,0,0,0,0,0,0,0,0,0,0,0,0,1,0,0,0,0,0,0,0,0,0,0,0,0,0,0,0,0,0,0,0,0,0,0,0,0,0,0,0,0,0,0,0,0,0
log_fontview_10-27-2020-12-19-17.txt,13191,5,700,15602,5301,141,2186,123,1858,218,104,25,430,2,11512,1372,766,439,46367,23292,0,2369,630,1019,264,57,8152,106988,1745,10136,21607,17772,330,2010,2152,5480,467,6012,359,667,2972,6270,7643,1087,33,1995,251,165,37092,12045,14,416,4653,10363,2681,2,4,21,456,386,678,66,490,135,9,46,4,312,5,48,10,59,4,10,10,20,0,631,0,0,0,0,0,0,0,0,0,0,0,0,0,0,0,0,0,0,0,0,0,0,0,0,0,0,0,0,0,0,0,0,0
log_cmd_10-27-2020-12-03-20.txt,544,7,58,1060,512,0,121,0,109,2,0,1,0,4,323,0,0,95,515,507,0,73,80,101,5,0,553,9160,0,534,941,2595,16,1549,67,217,0,1834,18,18,6,288,1726,76,1,145,21,0,4321,330,4,57,201,758,0,0,0,0,0,6,0,0,0,0,0,0,0,0,0,18,0,1,0,0,0,0,0,0,0,16,0,0,48,1559,0,0,0,0,0,0,0,10,2,0,0,0,0,0,0,0,0,0,0,0,0,0,0,0,0,0,0
log_sort_10-28-2020-14-53-37.txt,569,0,78,764,248,2,86,1,596,1,2,1,1,3,607,972,0,0,2208,1222,0,57,77,21,10,3,358,8755,64,1494,808,2307,11,1551,72,141,16,1758,13,37,6,215,1780,70,1,90,33,11,4243,632,2,44,178,839,3,0,0,0,0,0,0,0,0,0,0,0,0,0,0,0,0,0,0,0,0,0,0,0,0,0,0,0,0,0,0,0,0,0,0,0,0,0,0,0,0,0,0,0,0,0,0,0,0,0,0,0,0,0,0,0,0
log_notepad_10-27-2020-15-52-07.txt,12618,87,675,27973,13877,0,3913,0,4148,504,351,7,399,2,9895,0,0,1381,12930,12916,0,3158,582,1772,302,13,33969,157405,0,16371,29592,25831,670,1903,2405,9590,0,11459,776,1846,1339,7944,6276,1867,20,2793,496,0,47956,9974,11,553,8284,24220,0,0,0,11,3550,3159,0,28,0,0,0,470,0,61,0,736,58,336,18,0,0,0,0,504,58,494,2,36,741,6827,202,9,343,377,6,12,6,24,233,458,47,6,108,122,7,22,32,30,0,0,0,0,0,0,0,0,0
log_printui_10-28-2020-14-00-02.txt,20293,11,841,27412,8867,340,4307,367,2652,445,175,29,762,2,16700,3662,1614,2223,70942,33913,0,3985,958,1198,737,280,21526,174608,3138,17998,35419,28964,416,2397,5594,7943,518,9088,523,2053,3142,10245,16341,2720,155,4270,344,396,60606,17282,25,549,8196,16958,2366,4,4,21,1723,1138,786,66,292,198,10,133,4,472,9,66,10,135,7,10,10,20,2,620,0,0,0,0,0,0,0,0,0,0,0,0,0,0,0,0,0,0,0,0,0,0,0,0,0,0,0,0,0,0,0,0,0
log_nslookup_10-27-2020-14-24-18.txt,1787,2,122,5997,4739,40,362,40,285,3,2,2,5,3,1455,1112,39,139,5775,3112,4000,227,230,107,14,2,914,18647,236,1298,10478,2140,29,8,141,403,34,421,45,23,12,324,438,69,1,209,61,50,3263,1502,4,107,524,620,42,0,0,0,0,0,0,0,0,0,0,0,0,0,0,0,0,0,0,0,0,0,0,0,0,0,0,0,0,0,0,0,0,0,0,0,0,0,0,0,0,0,0,0,0,0,0,0,0,0,0,0,0,0,0,0,0
log_fontview_10-27-2020-16-14-50.txt,11902,5,674,14550,4892,123,1996,118,1810,189,100,21,385,2,10500,1316,766,439,41725,21051,0,2060,588,902,262,42,7913,98436,1552,9529,19601,16338,272,1993,1925,4889,390,5729,348,619,2568,5494,7155,945,29,1956,224,134,33540,10948,14,407,4127,9387,2295,2,4,21,456,386,550,66,274,135,9,46,4,320,5,48,10,59,4,10,10,20,0,503,0,0,0,0,0,0,0,0,0,0,0,0,0,0,0,0,0,0,0,0,0,0,0,0,0,0,0,0,0,0,0,0,0
log_nslookup_10-28-2020-13-36-25.txt,1766,2,122,5945,4717,40,348,40,277,2,2,2,5,3,1454,1112,39,139,5766,3109,4000,226,226,107,14,2,888,18452,235,1285,10429,2121,25,8,131,400,34,410,41,23,12,323,425,69,1,198,61,50,3228,1501,4,107,507,604,42,0,0,0,0,0,0,0,0,0,0,0,0,0,0,0,0,0,0,0,0,0,0,0,0,0,0,0,0,0,0,0,0,0,0,0,0,0,0,0,0,0,0,0,0,0,0,0,0,0,0,0,0,0,0,0,0
log_notepad_10-28-2020-19-24-07.txt,13135,86,683,29271,14200,0,4033,0,4262,508,351,7,406,2,10031,0,0,1381,13359,13345,0,3218,602,1795,308,13,34361,162156,0,16865,30912,26964,721,1903,2510,9698,0,11987,836,1846,1344,8015,6358,1872,20,2876,504,0,49432,10110,11,562,8460,24723,0,0,0,11,3550,3159,0,28,0,0,0,470,0,61,0,749,58,336,18,0,0,0,0,504,58,494,2,36,791,6870,202,9,343,377,6,12,6,22,244,462,47,6,108,122,7,30,32,30,0,0,0,0,0,0,0,0,0
log_cmd_10-28-2020-16-22-55.txt,544,7,58,1060,512,0,122,0,110,2,0,1,0,4,323,0,0,95,515,507,0,73,81,101,5,0,553,9163,0,534,941,2595,16,1549,67,217,0,1834,18,18,6,288,1726,76,1,145,21,0,4321,330,4,57,203,758,0,0,0,0,0,6,0,0,0,0,0,0,0,0,0,18,0,1,0,0,0,0,0,0,0,16,0,0,48,1559,0,0,0,0,0,0,0,10,2,0,0,0,0,0,0,0,0,0,0,0,0,0,0,0,0,0,0
log_ftp_10-27-2020-14-44-20.txt,356,0,22,517,169,1,42,1,38,2,3,0,1,1,332,410,0,0,1318,755,0,44,89,66,4,1,227,3221,67,331,684,536,7,2,34,46,9,141,5,6,4,226,153,69,1,102,9,1,930,341,3,11,115,197,2,0,0,0,0,0,0,0,0,0,0,0,0,0,0,0,0,0,0,0,0,0,0,0,0,0,0,0,0,0,0,0,0,0,0,0,0,0,0,0,0,0,0,0,0,0,0,0,0,0,0,0,0,0,0,0,0
log_sort_10-27-2020-13-22-30.txt,537,0,76,737,230,1,78,1,590,1,2,1,1,3,592,972,0,0,2124,1193,0,54,75,21,10,2,345,8513,63,1465,778,2275,10,1551,68,131,16,1756,13,34,6,213,1772,69,1,85,31,11,4193,612,2,42,166,829,3,0,0,0,0,0,0,0,0,0,0,0,0,0,0,0,0,0,0,0,0,0,0,0,0,0,0,0,0,0,0,0,0,0,0,0,0,0,0,0,0,0,0,0,0,0,0,0,0,0,0,0,0,0,0,0,0
log_ftp_10-27-2020-13-58-53.txt,335,0,22,482,153,1,32,1,30,1,3,0,1,1,331,410,0,0,1309,752,0,43,86,66,4,1,203,3037,66,319,647,512,5,2,29,41,9,134,3,6,4,223,144,69,1,95,9,1,890,340,3,11,102,182,2,0,0,0,0,0,0,0,0,0,0,0,0,0,0,0,0,0,0,0,0,0,0,0,0,0,0,0,0,0,0,0,0,0,0,0,0,0,0,0,0,0,0,0,0,0,0,0,0,0,0,0,0,0,0,0,0
log_printui_10-28-2020-14-26-46.txt,20293,11,841,27409,8867,340,4307,367,2652,445,175,29,762,2,16700,3662,1614,2223,70942,33913,0,3985,958,1198,737,280,21526,174605,3138,17995,35416,28961,416,2397,5594,7943,518,9084,523,2053,3142,10245,16341,2720,155,4270,344,396,60603,17282,25,549,8196,16958,2366,4,4,21,1723,1138,786,66,292,198,10,133,4,472,9,66,10,135,7,10,10,20,2,620,0,0,0,0,0,0,0,0,0,0,0,0,0,0,0,0,0,0,0,0,0,0,0,0,0,0,0,0,0,0,0,0,0
log_notepad_10-27-2020-14-35-10.txt,7172,21,461,14035,7413,0,1754,0,1480,83,133,7,275,2,4926,0,0,1343,6966,6957,0,908,483,669,64,13,6658,70506,0,5970,13974,14092,182,1058,1164,2527,0,5191,257,289,189,2103,2483,610,18,1253,393,0,19008,4977,11,407,2773,8989,0,0,0,0,40,63,0,28,0,0,0,0,0,16,0,231,0,166,0,0,0,0,0,27,0,335,2,36,739,1275,0,0,0,0,0,0,0,24,10,243,0,6,0,0,0,10,1,30,0,0,0,0,0,0,0,0,0
log_sort_10-28-2020-16-07-21.txt,537,0,76,737,230,1,78,1,590,1,2,1,1,3,592,972,0,0,2124,1193,0,54,75,21,10,2,345,8513,63,1465,778,2275,10,1551,68,131,16,1756,13,34,6,213,1772,69,1,85,31,11,4193,612,2,42,166,829,3,0,0,0,0,0,0,0,0,0,0,0,0,0,0,0,0,0,0,0,0,0,0,0,0,0,0,0,0,0,0,0,0,0,0,0,0,0,0,0,0,0,0,0,0,0,0,0,0,0,0,0,0,0,0,0,0
log_nslookup_10-28-2020-13-15-33.txt,1779,2,123,5950,4723,41,347,41,277,2,2,2,5,3,1466,1112,39,139,5839,3133,4000,229,224,107,14,3,891,18539,236,1302,10436,2133,24,8,125,404,34,398,41,26,12,323,418,72,1,196,63,51,3241,1518,4,108,510,603,43,0,0,0,0,0,0,0,0,0,0,0,0,0,0,0,0,0,0,0,0,0,0,1,0,0,0,0,0,0,0,0,0,0,0,0,0,0,0,0,0,0,0,0,0,0,0,0,0,0,0,0,0,0,0,0,0
log_notepad_10-28-2020-21-11-24.txt,7040,20,423,13380,7034,0,1710,0,1464,75,123,7,238,2,4554,0,0,1343,6645,6636,0,898,469,636,47,3,6620,67847,0,5825,13385,13637,179,1063,1147,2414,0,4923,250,276,190,1975,2422,585,25,1225,383,0,18506,4603,11,379,2724,8500,0,0,0,0,35,73,0,28,0,0,0,0,0,16,0,223,0,160,0,0,0,0,0,23,0,349,2,36,723,1259,0,0,0,0,0,0,0,22,10,224,0,6,0,0,0,11,1,30,0,0,0,0,0,0,0,0,0
log_ftp_10-27-2020-16-41-41.txt,356,0,22,517,169,1,42,1,38,2,3,0,1,1,332,410,0,0,1318,755,0,44,89,66,4,1,227,3221,67,331,684,536,7,2,34,46,9,141,5,6,4,226,153,69,1,102,9,1,930,341,3,11,115,197,2,0,0,0,0,0,0,0,0,0,0,0,0,0,0,0,0,0,0,0,0,0,0,0,0,0,0,0,0,0,0,0,0,0,0,0,0,0,0,0,0,0,0,0,0,0,0,0,0,0,0,0,0,0,0,0,0
log_nslookup_10-28-2020-13-33-43.txt,1783,2,123,5961,4727,41,351,41,280,2,2,2,5,3,1466,1112,39,139,5839,3133,4000,230,226,107,14,3,892,18591,236,1303,10440,2137,25,8,132,404,34,407,41,26,12,323,427,72,1,199,63,51,3246,1518,4,108,517,610,43,0,0,0,0,0,0,0,0,0,0,0,0,0,0,0,0,0,0,0,0,0,0,1,0,0,0,0,0,0,0,0,0,0,0,0,0,0,0,0,0,0,0,0,0,0,0,0,0,0,0,0,0,0,0,0,0
log_ftp_10-27-2020-16-35-59.txt,373,0,23,533,179,2,45,2,41,2,3,0,1,1,344,410,0,0,1391,779,0,48,89,66,4,2,231,3360,68,349,695,552,7,2,35,50,9,138,5,9,4,226,155,72,1,103,11,2,948,358,3,12,125,203,3,0,0,0,0,0,0,0,0,0,0,0,0,0,0,0,0,0,0,0,0,0,0,1,0,0,0,0,0,0,0,0,0,0,0,0,0,0,0,0,0,0,0,0,0,0,0,0,0,0,0,0,0,0,0,0,0
log_nslookup_10-27-2020-15-01-47.txt,1787,2,122,5997,4739,40,362,40,285,3,2,2,5,3,1455,1112,39,139,5775,3112,4000,227,230,107,14,2,914,18647,236,1298,10478,2140,29,8,141,403,34,421,45,23,12,324,438,69,1,209,61,50,3263,1502,4,107,524,620,42,0,0,0,0,0,0,0,0,0,0,0,0,0,0,0,0,0,0,0,0,0,0,0,0,0,0,0,0,0,0,0,0,0,0,0,0,0,0,0,0,0,0,0,0,0,0,0,0,0,0,0,0,0,0,0,0
log_fontview_10-27-2020-14-39-25.txt,11902,5,674,14550,4892,123,1996,118,1810,189,100,21,385,2,10500,1316,766,439,41725,21051,0,2060,588,902,262,42,7913,98436,1552,9528,19601,16337,272,1993,1925,4889,390,5729,348,619,2568,5494,7155,945,29,1955,224,134,33540,10948,14,407,4127,9387,2295,2,4,21,456,386,678,66,274,135,9,46,4,312,5,48,10,59,4,10,10,20,0,503,0,0,0,0,0,0,0,0,0,0,0,0,0,0,0,0,0,0,0,0,0,0,0,0,0,0,0,0,0,0,0,0,0
log_sort_10-28-2020-15-59-48.txt,569,0,78,764,248,2,86,1,596,1,2,1,1,3,607,972,0,0,2208,1222,0,57,77,21,10,3,358,8755,64,1494,808,2307,11,1551,72,141,16,1758,13,37,6,215,1780,70,1,90,33,11,4243,632,2,44,178,839,3,0,0,0,0,0,0,0,0,0,0,0,0,0,0,0,0,0,0,0,0,0,0,0,0,0,0,0,0,0,0,0,0,0,0,0,0,0,0,0,0,0,0,0,0,0,0,0,0,0,0,0,0,0,0,0,0
log_printui_10-27-2020-13-20-30.txt,0,0,0,0,0,0,0,0,0,0,0,0,0,0,0,0,0,0,0,0,0,0,0,0,0,0,0,0,0,0,0,0,0,0,0,0,0,0,0,0,0,0,0,0,0,0,0,0,0,0,0,0,0,0,0,0,0,0,0,0,0,0,0,0,0,0,0,0,0,0,0,0,0,0,0,0,0,0,0,0,0,0,0,0,0,0,0,0,0,0,0,0,0,0,0,0,0,0,0,0,0,0,0,0,0,0,0,0,0,0,0
log_cmd_10-28-2020-17-41-14.txt,544,7,58,1060,512,0,122,0,110,2,0,1,0,4,323,0,0,95,515,507,0,73,81,101,5,0,553,9163,0,534,941,2595,16,1549,67,217,0,1834,18,18,6,288,1726,76,1,145,21,0,4321,330,4,57,203,758,0,0,0,0,0,6,0,0,0,0,0,0,0,0,0,18,0,1,0,0,0,0,0,0,0,16,0,0,48,1559,0,0,0,0,0,0,0,10,2,0,0,0,0,0,0,0,0,0,0,0,0,0,0,0,0,0,0
log_fontview_10-27-2020-12-07-42.txt,15376,5,812,19738,6643,123,2621,118,2174,317,177,30,480,2,13650,1499,1469,439,56222,27729,0,2849,670,1050,409,44,14771,133220,1915,13848,26563,20879,453,2303,2549,7349,470,7819,551,1121,3597,7506,8573,1452,31,2312,282,138,45550,14192,14,479,6186,13695,2954,2,12,62,1218,1158,1782,66,278,207,23,142,4,792,5,64,56,164,12,32,82,110,0,650,0,0,0,0,0,0,0,0,0,0,0,0,0,0,0,0,0,0,0,0,0,0,0,0,13,33,7,25,12,18,20,4,2
log_printui_10-27-2020-15-10-46.txt,20713,8,860,27555,8954,345,4358,370,2694,454,176,30,769,2,17102,3683,1622,2223,72726,34719,0,4109,967,1225,737,283,21666,176921,3214,18266,36156,29342,421,2402,5549,8170,552,8966,513,2069,3317,10408,16212,2771,156,4269,348,407,61855,17720,25,557,8489,17064,2496,4,4,21,1724,1138,914,66,292,198,10,133,4,464,9,66,10,135,7,10,10,20,2,652,0,0,0,0,0,0,0,0,0,0,0,0,0,0,0,0,0,0,0,0,0,0,0,0,0,0,0,0,0,0,0,0,0
log_notepad_10-28-2020-20-33-14.txt,13117,86,683,29231,14179,0,4028,0,4261,507,351,7,406,2,10012,0,0,1381,13334,13320,0,3216,597,1792,308,13,34353,161969,0,16848,30867,26922,721,1903,2508,9693,0,11972,836,1846,1340,8004,6358,1869,20,2869,504,0,49377,10091,11,562,8453,24697,0,0,0,11,3550,3158,0,28,0,0,0,470,0,61,0,749,58,335,18,0,0,0,0,504,58,493,2,36,791,6869,202,9,343,377,6,12,6,22,244,462,47,6,108,122,7,30,32,30,0,0,0,0,0,0,0,0,0
log_cmd_10-28-2020-17-31-52.txt,544,7,58,1060,512,0,122,0,110,2,0,1,0,4,323,0,0,95,515,507,0,73,81,101,5,0,553,9163,0,534,941,2595,16,1549,67,217,0,1834,18,18,6,288,1726,76,1,145,21,0,4321,330,4,57,203,758,0,0,0,0,0,6,0,0,0,0,0,0,0,0,0,18,0,1,0,0,0,0,0,0,0,16,0,0,48,1559,0,0,0,0,0,0,0,10,2,0,0,0,0,0,0,0,0,0,0,0,0,0,0,0,0,0,0
log_sort_10-28-2020-14-42-23.txt,569,0,78,764,248,2,86,1,596,1,2,1,1,3,607,972,0,0,2208,1222,0,57,77,21,10,3,358,8755,64,1494,808,2307,11,1551,72,141,16,1758,13,37,6,215,1780,70,1,90,33,11,4243,632,2,44,178,839,3,0,0,0,0,0,0,0,0,0,0,0,0,0,0,0,0,0,0,0,0,0,0,0,0,0,0,0,0,0,0,0,0,0,0,0,0,0,0,0,0,0,0,0,0,0,0,0,0,0,0,0,0,0,0,0,0
log_cmd_10-27-2020-15-30-24.txt,532,7,58,1040,498,0,118,0,106,2,0,1,0,4,319,0,0,95,485,492,0,70,80,101,5,0,549,9065,0,516,929,2581,16,1549,66,213,0,1833,18,18,6,289,1726,74,1,143,18,0,4310,321,4,56,200,751,0,0,0,0,0,6,0,0,0,0,0,0,0,0,0,15,0,1,0,0,0,0,0,0,0,16,0,0,48,1559,0,0,0,0,0,0,0,10,2,0,0,0,0,0,0,0,0,0,0,0,0,0,0,0,0,0,0
log_ftp_10-27-2020-12-21-24.txt,352,0,23,498,163,2,35,2,33,1,3,0,1,1,343,410,0,0,1382,776,0,47,86,66,4,2,207,3176,67,337,658,528,5,2,30,45,9,131,3,9,4,223,146,72,1,96,11,2,908,357,3,12,112,188,3,0,0,0,0,0,0,0,0,0,0,0,0,0,0,0,0,0,0,0,0,0,0,1,0,0,0,0,0,0,0,0,0,0,0,0,0,0,0,0,0,0,0,0,0,0,0,0,0,0,0,0,0,0,0,0,0
log_sort_10-28-2020-16-15-03.txt,569,0,78,764,248,2,86,1,596,1,2,1,1,3,607,972,0,0,2208,1222,0,57,77,21,10,3,358,8755,64,1494,808,2307,11,1551,72,141,16,1758,13,37,6,215,1780,70,1,90,33,11,4243,632,2,44,178,839,3,0,0,0,0,0,0,0,0,0,0,0,0,0,0,0,0,0,0,0,0,0,0,0,0,0,0,0,0,0,0,0,0,0,0,0,0,0,0,0,0,0,0,0,0,0,0,0,0,0,0,0,0,0,0,0,0
log_cmd_10-28-2020-16-47-32.txt,544,7,58,1060,512,0,122,0,110,2,0,1,0,4,323,0,0,95,515,507,0,73,81,101,5,0,553,9163,0,534,941,2595,16,1549,67,217,0,1834,18,18,6,288,1726,76,1,145,21,0,4321,330,4,57,203,758,0,0,0,0,0,6,0,0,0,0,0,0,0,0,0,18,0,1,0,0,0,0,0,0,0,16,0,0,48,1559,0,0,0,0,0,0,0,10,2,0,0,0,0,0,0,0,0,0,0,0,0,0,0,0,0,0,0
log_printui_10-27-2020-15-12-38.txt,25736,11,1052,33900,10968,359,5114,379,2996,585,237,53,1020,2,21599,4004,1848,2223,93188,44347,0,5315,1129,1695,854,285,25877,220563,3793,22438,45324,35454,570,2775,6474,11164,721,11021,767,2465,5047,13474,17683,3431,155,4678,498,422,77214,22396,25,620,10886,22094,3919,4,12,61,2102,1670,866,66,436,450,22,223,4,888,9,70,46,219,15,34,62,92,4,1071,0,0,0,0,0,0,0,0,0,0,0,0,0,0,0,0,0,0,0,0,0,0,0,0,8,12,4,14,8,10,10,0,0
log_printui_10-28-2020-14-12-38.txt,20297,10,841,27413,8872,340,4307,367,2652,445,175,29,762,2,16701,3662,1614,2223,70946,33914,0,3985,958,1198,738,280,21526,174625,3138,17997,35419,28964,416,2397,5594,7943,518,9089,523,2053,3142,10245,16341,2720,155,4269,344,396,60606,17283,25,549,8197,16962,2366,4,4,21,1723,1138,914,66,292,198,10,133,4,464,9,66,10,135,7,10,10,20,2,621,0,0,0,0,0,0,0,0,0,0,0,0,0,0,0,0,0,0,0,0,0,0,0,0,0,0,0,0,0,0,0,0,0
log_ftp_10-27-2020-13-24-45.txt,335,0,22,482,153,1,32,1,30,1,3,0,1,1,331,410,0,0,1309,752,0,43,86,66,4,1,203,3037,66,319,647,512,5,2,29,41,9,134,3,6,4,223,144,69,1,95,9,1,890,340,3,11,102,182,2,0,0,0,0,0,0,0,0,0,0,0,0,0,0,0,0,0,0,0,0,0,0,0,0,0,0,0,0,0,0,0,0,0,0,0,0,0,0,0,0,0,0,0,0,0,0,0,0,0,0,0,0,0,0,0,0
log_notepad_10-27-2020-12-05-27.txt,12653,87,678,28059,13955,0,3922,0,4150,505,355,7,399,2,9952,0,0,1381,12981,12967,0,3164,582,1774,302,13,33984,157863,0,16402,29731,25897,670,1903,2404,9607,0,11503,778,1850,1339,7960,6281,1874,20,2793,504,0,48090,10031,11,554,8295,24286,0,0,0,11,3550,3158,0,28,0,0,0,470,0,61,0,737,58,335,18,0,0,0,0,504,58,502,2,36,741,6827,202,9,343,377,6,12,6,24,233,465,47,6,108,122,7,22,32,30,0,0,0,0,0,0,0,0,0
log_nslookup_10-28-2020-13-13-58.txt,1801,2,123,5997,4744,41,361,41,287,3,2,2,5,3,1467,1112,39,139,5848,3136,4000,231,229,107,14,3,914,18734,237,1315,10478,2150,28,8,135,407,34,411,44,26,12,324,433,72,1,207,63,51,3271,1519,4,108,528,618,43,0,0,0,0,0,0,0,0,0,0,0,0,0,0,0,0,0,0,0,0,0,0,1,0,0,0,0,0,0,0,0,0,0,0,0,0,0,0,0,0,0,0,0,0,0,0,0,0,0,0,0,0,0,0,0,0
log_printui_10-28-2020-14-31-49.txt,20109,10,837,27300,8824,338,4292,367,2649,445,175,29,751,2,16611,3655,1614,2223,70496,33650,0,3954,953,1189,735,278,21471,173626,3121,17941,35119,28797,409,2392,5564,7875,511,9061,517,2046,3074,10089,16253,2707,155,4223,341,396,60119,17186,25,547,8166,16686,2318,4,4,21,1723,1138,786,66,220,198,10,133,4,472,9,66,10,135,7,10,10,20,2,607,0,0,0,0,0,0,0,0,0,0,0,0,0,0,0,0,0,0,0,0,0,0,0,0,0,0,0,0,0,0,0,0,0
log_printui_10-28-2020-13-56-09.txt,20297,10,841,27410,8872,340,4307,367,2652,445,175,29,762,2,16701,3662,1614,2223,70946,33914,0,3985,958,1198,738,280,21526,174622,3138,17995,35416,28962,416,2397,5594,7943,518,9085,523,2053,3142,10246,16341,2720,155,4270,344,396,60604,17283,25,549,8197,16962,2366,4,4,21,1723,1138,786,66,292,198,10,133,4,472,9,66,10,135,7,10,10,20,2,621,0,0,0,0,0,0,0,0,0,0,0,0,0,0,0,0,0,0,0,0,0,0,0,0,0,0,0,0,0,0,0,0,0
log_nslookup_10-28-2020-13-22-42.txt,1762,2,122,5934,4713,40,344,40,274,2,2,2,5,3,1454,1112,39,139,5766,3109,4000,225,224,107,14,2,887,18400,235,1284,10425,2117,24,8,124,400,34,401,41,23,12,323,416,69,1,195,61,50,3223,1501,4,107,500,597,42,0,0,0,0,0,0,0,0,0,0,0,0,0,0,0,0,0,0,0,0,0,0,0,0,0,0,0,0,0,0,0,0,0,0,0,0,0,0,0,0,0,0,0,0,0,0,0,0,0,0,0,0,0,0,0,0
log_printui_10-28-2020-13-39-17.txt,25720,11,1038,34242,11045,368,5173,386,2997,589,235,53,1014,2,21579,3983,1758,2223,93238,44402,0,5324,1127,1678,862,289,25902,221701,3805,22429,45372,35659,601,2766,6663,11012,721,11258,784,2470,4915,13367,17963,3448,156,4698,495,435,77140,22372,25,619,10942,22277,3788,4,12,61,2102,1670,1890,66,508,432,22,221,4,824,9,70,46,219,15,34,62,92,2,1073,0,0,0,0,0,0,0,0,0,0,0,0,0,0,0,0,0,0,0,0,0,0,0,0,8,12,4,14,8,10,10,0,0
log_notepad_10-27-2020-15-44-12.txt,12695,87,678,28129,14012,0,3934,0,4158,505,356,7,399,2,10002,0,0,1381,13073,13059,0,3167,594,1780,302,13,33986,158438,0,16452,29840,25987,670,1915,2424,9606,0,11547,778,1854,1344,7966,6277,1871,20,2826,504,0,48191,10087,11,554,8332,24329,0,0,0,11,3550,3163,0,28,0,0,0,473,0,61,0,737,58,338,18,0,0,0,1,504,58,506,2,36,741,6830,202,9,347,377,6,12,6,24,233,465,47,6,108,122,7,22,33,30,0,0,0,0,0,0,0,0,0
log_sort_10-27-2020-14-27-28.txt,569,0,78,764,248,2,86,1,596,1,2,1,1,3,607,972,0,0,2208,1222,0,57,77,21,10,3,358,8755,64,1494,808,2307,11,1551,72,141,16,1758,13,37,6,215,1780,70,1,90,33,11,4243,632,2,44,178,839,3,0,0,0,0,0,0,0,0,0,0,0,0,0,0,0,0,0,0,0,0,0,0,0,0,0,0,0,0,0,0,0,0,0,0,0,0,0,0,0,0,0,0,0,0,0,0,0,0,0,0,0,0,0,0,0,0
log_ftp_10-27-2020-14-41-48.txt,373,0,23,533,179,2,45,2,41,2,3,0,1,1,344,410,0,0,1391,779,0,48,89,66,4,2,231,3360,68,349,695,552,7,2,35,50,9,138,5,9,4,226,155,72,1,103,11,2,948,358,3,12,125,203,3,0,0,0,0,0,0,0,0,0,0,0,0,0,0,0,0,0,0,0,0,0,0,1,0,0,0,0,0,0,0,0,0,0,0,0,0,0,0,0,0,0,0,0,0,0,0,0,0,0,0,0,0,0,0,0,0
log_printui_10-27-2020-14-25-33.txt,20199,10,842,27067,8803,336,4282,365,2671,445,175,29,751,2,16674,3655,1630,2223,70740,33771,0,3966,949,1189,736,278,21537,173446,3132,18015,35161,28782,394,2392,5350,7925,522,8838,501,2047,3072,10089,16047,2725,155,4200,341,394,60151,17260,25,552,8255,16543,2316,4,4,21,1723,1138,914,66,220,198,10,133,4,464,9,66,10,135,7,10,10,20,2,609,0,0,0,0,0,0,0,0,0,0,0,0,0,0,0,0,0,0,0,0,0,0,0,0,0,0,0,0,0,0,0,0,0
log_cmd_10-28-2020-16-30-57.txt,544,7,58,1060,512,0,122,0,110,2,0,1,0,4,323,0,0,95,515,507,0,73,81,101,5,0,553,9163,0,534,941,2595,16,1549,67,217,0,1834,18,18,6,288,1726,76,1,145,21,0,4321,330,4,57,203,758,0,0,0,0,0,6,0,0,0,0,0,0,0,0,0,18,0,1,0,0,0,0,0,0,0,16,0,0,48,1559,0,0,0,0,0,0,0,10,2,0,0,0,0,0,0,0,0,0,0,0,0,0,0,0,0,0,0
log_sort_10-28-2020-15-31-20.txt,569,0,78,764,248,2,86,1,596,1,2,1,1,3,607,972,0,0,2208,1222,0,57,77,21,10,3,358,8755,64,1494,808,2307,11,1551,72,141,16,1758,13,37,6,215,1780,70,1,90,33,11,4243,632,2,44,178,839,3,0,0,0,0,0,0,0,0,0,0,0,0,0,0,0,0,0,0,0,0,0,0,0,0,0,0,0,0,0,0,0,0,0,0,0,0,0,0,0,0,0,0,0,0,0,0,0,0,0,0,0,0,0,0,0,0
log_printui_10-27-2020-15-09-03.txt,25700,10,1052,33853,10947,358,5105,379,2995,585,237,53,1013,2,21575,4004,1844,2223,93084,44288,0,5299,1129,1690,854,284,25864,220303,3791,22428,45275,35388,570,2775,6454,11150,718,11013,767,2465,5044,13448,17679,3424,155,4673,497,422,77122,22369,25,620,10882,22071,3917,4,12,61,2102,1670,994,66,436,450,22,223,4,880,9,70,46,219,15,34,62,92,4,1062,0,0,0,0,0,0,0,0,0,0,0,0,0,0,0,0,0,0,0,0,0,0,0,0,8,12,4,14,8,10,10,0,0
log_printui_10-28-2020-13-45-32.txt,20293,10,841,27409,8867,340,4307,367,2652,445,175,29,762,2,16700,3662,1610,2223,70942,33913,0,3985,958,1198,737,280,21526,174605,3138,17995,35417,28961,416,2397,5594,7943,518,9084,523,2053,3142,10246,16342,2720,155,4270,344,396,60605,17282,25,549,8196,16959,2366,4,4,21,1723,1138,786,66,292,198,10,133,4,472,9,66,10,135,7,10,10,20,2,620,0,0,0,0,0,0,0,0,0,0,0,0,0,0,0,0,0,0,0,0,0,0,0,0,0,0,0,0,0,0,0,0,0
log_fontview_10-27-2020-16-09-57.txt,12147,5,682,14916,5004,129,2066,123,1836,196,101,22,384,2,10762,1323,766,439,42862,21562,0,2126,598,921,261,45,8017,100879,1610,9716,20091,16791,295,1998,2009,4993,410,5865,358,635,2626,5547,7283,988,30,1985,230,147,34374,11232,14,412,4319,9624,2347,2,4,21,456,386,678,66,274,135,9,46,4,312,5,48,10,59,4,10,10,20,0,522,0,0,0,0,0,0,0,0,0,0,0,0,0,0,0,0,0,0,0,0,0,0,0,0,0,0,0,0,0,0,0,0,0
log_sort_10-27-2020-15-14-41.txt,537,0,76,737,230,1,78,1,590,1,2,1,1,3,592,972,0,0,2124,1193,0,54,75,21,10,2,345,8513,63,1465,778,2275,10,1551,68,131,16,1756,13,34,6,213,1772,69,1,85,31,11,4193,612,2,42,166,829,3,0,0,0,0,0,0,0,0,0,0,0,0,0,0,0,0,0,0,0,0,0,0,0,0,0,0,0,0,0,0,0,0,0,0,0,0,0,0,0,0,0,0,0,0,0,0,0,0,0,0,0,0,0,0,0,0
log_cmd_10-28-2020-18-20-23.txt,544,7,58,1060,512,0,122,0,110,2,0,1,0,4,323,0,0,95,515,507,0,73,81,101,5,0,553,9163,0,534,941,2595,16,1549,67,217,0,1834,18,18,6,288,1726,76,1,145,21,0,4321,330,4,57,203,758,0,0,0,0,0,6,0,0,0,0,0,0,0,0,0,18,0,1,0,0,0,0,0,0,0,16,0,0,48,1559,0,0,0,0,0,0,0,10,2,0,0,0,0,0,0,0,0,0,0,0,0,0,0,0,0,0,0
log_cmd_10-27-2020-15-40-30.txt,544,7,58,1060,512,0,121,0,109,2,0,1,0,4,323,0,0,95,515,507,0,73,80,101,5,0,553,9160,0,534,941,2595,16,1549,67,217,0,1834,18,18,6,288,1726,76,1,145,21,0,4321,330,4,57,201,758,0,0,0,0,0,6,0,0,0,0,0,0,0,0,0,18,0,1,0,0,0,0,0,0,0,16,0,0,48,1559,0,0,0,0,0,0,0,10,2,0,0,0,0,0,0,0,0,0,0,0,0,0,0,0,0,0,0
log_fontview_10-27-2020-12-19-50.txt,11971,5,677,14733,4932,123,2028,118,1822,189,100,21,385,2,10550,1316,766,439,41925,21157,0,2067,594,902,262,42,7978,99322,1563,9574,19735,16556,277,1993,2007,4916,397,5819,353,620,2568,5497,7245,963,29,1973,224,134,33821,11005,14,410,4204,9501,2295,2,4,21,456,386,678,66,274,135,9,46,4,312,5,48,10,59,4,10,10,20,0,504,0,0,0,0,0,0,0,0,0,0,0,0,0,0,0,0,0,0,0,0,0,0,0,0,0,0,0,0,0,0,0,0,0
log_cmd_10-27-2020-14-31-35.txt,532,7,58,1040,498,0,118,0,106,2,0,1,0,4,319,0,0,95,485,492,0,70,80,101,5,0,549,9065,0,516,929,2581,16,1549,66,213,0,1833,18,18,6,289,1726,74,1,143,18,0,4310,321,4,56,200,751,0,0,0,0,0,6,0,0,0,0,0,0,0,0,0,15,0,1,0,0,0,0,0,0,0,16,0,0,48,1559,0,0,0,0,0,0,0,10,2,0,0,0,0,0,0,0,0,0,0,0,0,0,0,0,0,0,0
log_sort_10-28-2020-15-24-38.txt,537,0,76,737,230,1,78,1,590,1,2,1,1,3,592,972,0,0,2124,1193,0,54,75,21,10,2,345,8513,63,1465,778,2275,10,1551,68,131,16,1756,13,34,6,213,1772,69,1,85,31,11,4193,612,2,42,166,829,3,0,0,0,0,0,0,0,0,0,0,0,0,0,0,0,0,0,0,0,0,0,0,0,0,0,0,0,0,0,0,0,0,0,0,0,0,0,0,0,0,0,0,0,0,0,0,0,0,0,0,0,0,0,0,0,0
log_sort_10-28-2020-14-47-55.txt,569,0,78,764,248,2,86,1,596,1,2,1,1,3,607,972,0,0,2208,1222,0,57,77,21,10,3,358,8755,64,1494,808,2307,11,1551,72,141,16,1758,13,37,6,215,1780,70,1,90,33,11,4243,632,2,44,178,839,3,0,0,0,0,0,0,0,0,0,0,0,0,0,0,0,0,0,0,0,0,0,0,0,0,0,0,0,0,0,0,0,0,0,0,0,0,0,0,0,0,0,0,0,0,0,0,0,0,0,0,0,0,0,0,0,0
log_nslookup_10-28-2020-13-16-39.txt,1779,2,123,5950,4723,41,347,41,277,2,2,2,5,3,1466,1112,39,139,5839,3133,4000,229,224,107,14,3,891,18539,236,1302,10436,2133,24,8,125,404,34,398,41,26,12,323,418,72,1,196,63,51,3241,1518,4,108,510,603,43,0,0,0,0,0,0,0,0,0,0,0,0,0,0,0,0,0,0,0,0,0,0,1,0,0,0,0,0,0,0,0,0,0,0,0,0,0,0,0,0,0,0,0,0,0,0,0,0,0,0,0,0,0,0,0,0
log_ftp_10-28-2020-21-49-39.txt,335,0,22,482,153,1,32,1,30,1,3,0,1,1,331,410,0,0,1309,752,0,43,86,66,4,1,203,3037,66,319,647,512,5,2,29,41,9,134,3,6,4,223,144,69,1,95,9,1,890,340,3,11,102,182,2,0,0,0,0,0,0,0,0,0,0,0,0,0,0,0,0,0,0,0,0,0,0,0,0,0,0,0,0,0,0,0,0,0,0,0,0,0,0,0,0,0,0,0,0,0,0,0,0,0,0,0,0,0,0,0,0
log_nslookup_10-28-2020-13-26-36.txt,1766,2,122,5945,4717,40,348,40,277,2,2,2,5,3,1454,1112,39,139,5766,3109,4000,226,226,107,14,2,888,18452,235,1285,10429,2121,25,8,131,400,34,410,41,23,12,323,425,69,1,198,61,50,3228,1501,4,107,507,604,42,0,0,0,0,0,0,0,0,0,0,0,0,0,0,0,0,0,0,0,0,0,0,0,0,0,0,0,0,0,0,0,0,0,0,0,0,0,0,0,0,0,0,0,0,0,0,0,0,0,0,0,0,0,0,0,0
log_printui_10-28-2020-13-48-54.txt,25224,11,993,32241,10555,377,4946,376,2872,563,214,48,962,2,20800,3944,1756,2223,89720,42888,0,5110,1114,1639,802,307,24025,211318,3773,21196,43791,34348,597,2643,6292,10529,732,10523,688,2341,4843,13351,17944,3263,162,4618,472,451,74787,21616,25,599,10262,21495,3851,4,8,41,1913,1404,954,66,880,333,16,178,4,672,9,68,28,177,11,22,36,56,3,1042,0,0,0,0,0,0,0,0,0,0,0,0,0,0,0,0,0,0,0,0,0,0,0,0,4,6,2,7,4,5,5,0,0
log_cmd_10-28-2020-18-00-29.txt,532,7,58,1040,498,0,119,0,107,2,0,1,0,4,319,0,0,95,485,492,0,70,81,101,5,0,549,9068,0,516,929,2581,16,1549,66,213,0,1833,18,18,6,289,1726,74,1,143,18,0,4310,321,4,56,202,751,0,0,0,0,0,6,0,0,0,0,0,0,0,0,0,15,0,1,0,0,0,0,0,0,0,16,0,0,48,1559,0,0,0,0,0,0,0,10,2,0,0,0,0,0,0,0,0,0,0,0,0,0,0,0,0,0,0
log_sort_10-28-2020-14-59-30.txt,569,0,78,764,248,2,86,1,596,1,2,1,1,3,607,972,0,0,2208,1222,0,57,77,21,10,3,358,8755,64,1494,808,2307,11,1551,72,141,16,1758,13,37,6,215,1780,70,1,90,33,11,4243,632,2,44,178,839,3,0,0,0,0,0,0,0,0,0,0,0,0,0,0,0,0,0,0,0,0,0,0,0,0,0,0,0,0,0,0,0,0,0,0,0,0,0,0,0,0,0,0,0,0,0,0,0,0,0,0,0,0,0,0,0,0
log_printui_10-28-2020-14-04-04.txt,20293,10,841,27409,8867,340,4307,367,2652,445,175,29,762,2,16700,3662,1614,2223,70942,33913,0,3985,958,1198,737,280,21526,174604,3138,17995,35416,28961,416,2397,5594,7943,518,9084,523,2053,3142,10253,16341,2720,155,4270,344,396,60611,17282,25,549,8196,16958,2366,4,4,21,1723,1138,786,66,292,198,10,133,4,472,9,66,10,135,7,10,10,20,2,620,0,0,0,0,0,0,0,0,0,0,0,0,0,0,0,0,0,0,0,0,0,0,0,0,0,0,0,0,0,0,0,0,0
log_printui_10-27-2020-15-07-31.txt,20713,10,860,27555,8954,345,4358,370,2694,454,176,30,769,2,17102,3683,1630,2223,72726,34719,0,4109,967,1225,737,283,21666,176921,3214,18266,36154,29342,421,2402,5549,8170,552,8966,513,2069,3317,10412,16210,2771,156,4269,348,407,61857,17720,25,557,8489,17062,2496,4,4,21,1724,1138,914,66,292,198,10,133,4,464,9,66,10,135,7,10,10,20,2,652,0,0,0,0,0,0,0,0,0,0,0,0,0,0,0,0,0,0,0,0,0,0,0,0,0,0,0,0,0,0,0,0,0
